{
  "version": 1,
  "author": "Tumpi Bag",
  "editor": "wokwi",
  "parts": [
    { "type": "wokwi-breadboard", "id": "bb1", "top": -70.2, "left": -275.6, "attrs": {} },
    { "type": "board-esp32-devkit-c-v4", "id": "esp", "top": 211.2, "left": -350.36, "attrs": {} },
    { "type": "wokwi-dht", "id": "dht", "top": 163.5, "left": -72.6, "attrs": {} },
    {
      "type": "wokwi-gas-sensor",
      "id": "mq135",
      "top": 156.3,
      "left": 208.6,
      "attrs": { "label": "MQ135" }
    },
    {
      "type": "wokwi-gas-sensor",
      "id": "mq6",
      "top": 242.7,
      "left": 208.6,
      "attrs": { "label": "MQ6" }
    },
    {
      "type": "wokwi-gas-sensor",
      "id": "mq2",
      "top": 329.1,
      "left": 208.6,
      "attrs": { "label": "MQ2" }
    },
    {
      "type": "wokwi-gas-sensor",
      "id": "mq4",
      "top": 415.5,
      "left": 208.6,
      "attrs": { "label": "MQ4" }
    },
    {
      "type": "wokwi-gas-sensor",
      "id": "mq7",
      "top": 511.5,
      "left": 208.6,
      "attrs": { "label": "MQ7" }
    },
    {
      "type": "wokwi-lcd2004",
      "id": "lcd1",
      "top": 448,
      "left": -580,
      "attrs": { "pins": "i2c" }
    },
    {
      "type": "wokwi-led",
      "id": "led1",
      "top": -61.2,
      "left": -485.8,
      "attrs": { "color": "red" }
    },
    {
      "type": "wokwi-buzzer",
      "id": "bz1",
      "top": -64.8,
      "left": -574.2,
      "attrs": { "volume": "0.1" }
    },
    { "type": "wokwi-dht22", "id": "dht1", "top": -47.7, "left": -658.2, "attrs": {} }
  ],
  "connections": [
    [ "mq135:VCC", "bb1:bp.3", "red", [ "h0" ] ],
    [ "mq6:VCC", "bb1:bp.4", "red", [ "h0" ] ],
    [ "mq2:VCC", "bb1:bp.5", "red", [ "h0" ] ],
    [ "mq4:VCC", "bb1:bp.6", "red", [ "h0" ] ],
    [ "mq7:VCC", "bb1:bp.7", "red", [ "h0" ] ],
    [ "esp:GND.2", "bb1:bn.1", "black", [ "v0" ] ],
    [ "mq135:GND", "bb1:bn.7", "black", [ "h0" ] ],
    [ "mq6:GND", "bb1:bn.8", "black", [ "h0" ] ],
    [ "mq2:GND", "bb1:bn.9", "black", [ "h0" ] ],
    [ "mq4:GND", "bb1:bn.10", "black", [ "h0" ] ],
    [ "mq7:GND", "bb1:bn.11", "black", [ "h0" ] ],
    [ "dht:GND", "bb1:bn.12", "black", [ "v-38.4", "h-85.6" ] ],
    [ "pms5003:GND", "bb1:bn.13", "black", [ "v0" ] ],
    [ "esp:3V3", "bb1:bp.1", "red", [ "v0" ] ],
    [ "dht:VCC", "bb1:bp.2", "red", [ "v0" ] ],
    [ "pms5003:VCC", "bb1:bp.8", "red", [ "v0" ] ],
    [ "dht:DATA", "esp:4", "green", [ "v0" ] ],
    [ "pms5003:RX", "esp:16", "yellow", [ "v0" ] ],
    [ "pms5003:TX", "esp:17", "blue", [ "v0" ] ],
    [ "mq135:AOUT", "esp:32", "green", [ "v0" ] ],
    [ "mq6:AOUT", "esp:33", "green", [ "v0" ] ],
    [ "mq2:AOUT", "esp:34", "green", [ "v0" ] ],
    [ "mq4:AOUT", "esp:35", "green", [ "v0" ] ],
    [ "mq7:AOUT", "esp:26", "green", [ "h-547.2", "v-201.6" ] ],
    [ "esp:GND", "lcd1:GND", "black", [] ],
    [ "esp:3V3", "lcd1:VCC", "red", [] ],
    [ "esp:21", "lcd1:SDA", "green", [] ],
    [ "esp:22", "lcd1:SCL", "yellow", [] ],
    [ "esp:GND.1", "led1:C", "black", [ "h-134.25", "v-547.2" ] ],
    [ "esp:14", "led1:A", "red", [ "h-67.05", "v-316.8", "h-48" ] ],
    [ "esp:GND.3", "bz1:1", "black", [ "v-124.8", "h-297.6" ] ],
    [ "esp:27", "bz1:2", "blue", [ "v0" ] ],
    [ "dht1:VCC", "bb1:bp.8", "red", [ "v0" ] ],
    [ "dht1:GND", "bb1:bn.12", "black", [ "v0" ] ],
    [ "esp:4", "dht1:SDA", "green", [ "h0" ] ]
  ],
  "dependencies": {}
}