{
  "version": 1,
  "author": "Tumpi Bag",
  "editor": "wokwi",
  "parts": [
    { "type": "wokwi-breadboard", "id": "bb1", "top": -70.2, "left": -275.6, "attrs": {} },
    { "type": "board-esp32-devkit-c-v4", "id": "esp", "top": 211.2, "left": -350.36, "attrs": {} },
    { "type": "wokwi-dht", "id": "dht", "top": 163.5, "left": -72.6, "attrs": {} },
    {
      "type": "wokwi-gas-sensor",
      "id": "mq135",
      "top": 156.3,
      "left": 208.6,
      "attrs": { "label": "MQ135" }
    },
    {
      "type": "wokwi-gas-sensor",
      "id": "mq6",
      "top": 242.7,
      "left": 208.6,
      "attrs": { "label": "MQ6" }
    },
    {
      "type": "wokwi-gas-sensor",
      "id": "mq2",
      "top": 329.1,
      "left": 208.6,
      "attrs": { "label": "MQ2" }
    },
    {
      "type": "wokwi-gas-sensor",
      "id": "mq4",
      "top": 415.5,
      "left": 208.6,
      "attrs": { "label": "MQ4" }
    },
    {
      "type": "wokwi-gas-sensor",
      "id": "mq7",
      "top": 511.5,
      "left": 208.6,
      "attrs": { "label": "MQ7" }
    }
  ],
  "connections": [
    [ "mq135:VCC", "bb1:bp.3", "red", [ "h0" ] ],
    [ "mq6:VCC", "bb1:bp.4", "red", [ "h0" ] ],
    [ "mq2:VCC", "bb1:bp.5", "red", [ "h0" ] ],
    [ "mq4:VCC", "bb1:bp.6", "red", [ "h0" ] ],
    [ "mq7:VCC", "bb1:bp.7", "red", [ "h0" ] ],
    [ "esp:GND.2", "bb1:bn.1", "black", [ "v0" ] ],
    [ "mq135:GND", "bb1:bn.7", "black", [ "h0" ] ],
    [ "mq6:GND", "bb1:bn.8", "black", [ "h0" ] ],
    [ "mq2:GND", "bb1:bn.9", "black", [ "h0" ] ],
    [ "mq4:GND", "bb1:bn.10", "black", [ "h0" ] ],
    [ "mq7:GND", "bb1:bn.11", "black", [ "h0" ] ],
    [ "dht:GND", "bb1:bn.12", "black", [ "v-38.4", "h-85.6" ] ],
    [ "pms5003:GND", "bb1:bn.13", "black", [ "v0" ] ],
    [ "esp:3V3", "bb1:bp.1", "red", [ "v0" ] ],
    [ "dht:VCC", "bb1:bp.2", "red", [ "v0" ] ],
    [ "pms5003:VCC", "bb1:bp.8", "red", [ "v0" ] ],
    [ "dht:DATA", "esp:4", "green", [ "v0" ] ],
    [ "pms5003:RX", "esp:16", "yellow", [ "v0" ] ],
    [ "pms5003:TX", "esp:17", "blue", [ "v0" ] ],
    [ "mq135:AOUT", "esp:32", "green", [ "v0" ] ],
    [ "mq6:AOUT", "esp:33", "green", [ "v0" ] ],
    [ "mq2:AOUT", "esp:34", "green", [ "v0" ] ],
    [ "mq4:AOUT", "esp:35", "green", [ "v0" ] ],
    [ "mq7:AOUT", "esp:26", "green", [ "h0" ] ]
  ],
  "dependencies": {}
}